x.bmi5cat,income2,x.state,Freq
1,1,1,14041
2,1,1,50283
3,1,1,42382
4,1,1,83175
1,2,1,4781
2,2,1,36478
3,2,1,52216
4,2,1,71980
1,3,1,8021
2,3,1,67433
3,3,1,84899
4,3,1,97571
1,4,1,3929
2,4,1,78724
3,4,1,89481
4,4,1,109705
1,5,1,4874
2,5,1,106843
3,5,1,91208
4,5,1,109613
1,6,1,5986
2,6,1,96843
3,6,1,139926
4,6,1,146735
1,7,1,7355
2,7,1,119574
3,7,1,160574
4,7,1,181039
1,8,1,3336
2,8,1,222455
3,8,1,300855
4,8,1,248865
1,77,1,14194
2,77,1,138145
3,77,1,93518
4,77,1,126647
1,99,1,2614
2,99,1,85191
3,99,1,125849
4,99,1,104444
1,1,2,1019
2,1,2,5848
3,1,2,4761
4,1,2,5379
1,2,2,306
2,2,2,4811
3,2,2,5634
4,2,2,6529
1,3,2,543
2,3,2,7244
3,3,2,11903
4,3,2,6957
1,4,2,0
2,4,2,15545
3,4,2,9720
4,4,2,8149
1,5,2,856
2,5,2,11997
3,5,2,13299
4,5,2,14314
1,6,2,1051
2,6,2,20015
3,6,2,12911
4,6,2,12343
1,7,2,1939
2,7,2,26390
3,7,2,22947
4,7,2,17215
1,8,2,2052
2,8,2,54514
3,8,2,72470
4,8,2,58425
1,77,2,2012
2,77,2,20369
3,77,2,18758
4,77,2,20259
1,99,2,1717
2,99,2,9661
3,99,2,9683
4,99,2,5479
1,1,4,20076
2,1,4,41065
3,1,4,43664
4,1,4,54542
1,2,4,4733
2,2,4,54026
3,2,4,61149
4,2,4,87462
1,3,4,3891
2,3,4,86091
3,3,4,117349
4,3,4,124561
1,4,4,12665
2,4,4,130163
3,4,4,129771
4,4,4,135423
1,5,4,5423
2,5,4,130789
3,5,4,191635
4,5,4,163145
1,6,4,20462
2,6,4,205019
3,6,4,213295
4,6,4,183035
1,7,4,11228
2,7,4,218449
3,7,4,249828
4,7,4,201619
1,8,4,19398
2,8,4,492919
3,8,4,489930
4,8,4,316723
1,77,4,3994
2,77,4,162867
3,77,4,128130
4,77,4,136897
1,99,4,7876
2,99,4,133227
3,99,4,136077
4,99,4,70663
1,1,5,3688
2,1,5,27856
3,1,5,23930
4,1,5,50494
1,2,5,1501
2,2,5,28984
3,2,5,25299
4,2,5,63188
1,3,5,5262
2,3,5,51845
3,3,5,57091
4,3,5,69629
1,4,5,8701
2,4,5,51917
3,4,5,81812
4,4,5,83226
1,5,5,2306
2,5,5,69542
3,5,5,72841
4,5,5,82236
1,6,5,9666
2,6,5,71820
3,6,5,90730
4,6,5,98946
1,7,5,6114
2,7,5,68074
3,7,5,98203
4,7,5,113370
1,8,5,8747
2,8,5,105474
3,8,5,163504
4,8,5,139909
1,77,5,2014
2,77,5,64494
3,77,5,51826
4,77,5,65001
1,99,5,2420
2,99,5,40206
3,99,5,46629
4,99,5,26681
1,1,6,68631
2,1,6,653202
3,1,6,582486
4,1,6,616336
1,2,6,64643
2,2,6,500428
3,2,6,553348
4,2,6,493568
1,3,6,24943
2,3,6,384192
3,3,6,517519
4,3,6,471268
1,4,6,45392
2,4,6,495818
3,4,6,532069
4,4,6,468294
1,5,6,22030
2,5,6,776277
3,5,6,891051
4,5,6,672944
1,6,6,29994
2,6,6,910797
3,6,6,1075521
4,6,6,747352
1,7,6,25250
2,7,6,1070856
3,7,6,1150265
4,7,6,930436
1,8,6,154783
2,8,6,3884361
3,8,6,3807744
4,8,6,2067868
1,77,6,34627
2,77,6,546895
3,77,6,386643
4,77,6,342067
1,99,6,40678
2,99,6,796816
3,99,6,622738
4,99,6,380678
1,1,8,4154
2,1,8,45097
3,1,8,26796
4,1,8,22266
1,2,8,2157
2,2,8,53142
3,2,8,32059
4,2,8,24607
1,3,8,3661
2,3,8,63604
3,3,8,59722
4,3,8,51271
1,4,8,7467
2,4,8,102746
3,4,8,93383
4,4,8,79887
1,5,8,5755
2,5,8,126285
3,5,8,107764
4,5,8,66605
1,6,8,6978
2,6,8,179537
3,6,8,178650
4,6,8,112841
1,7,8,6339
2,7,8,204596
3,7,8,232742
4,7,8,132082
1,8,8,12267
2,8,8,603848
3,8,8,572511
4,8,8,344026
1,77,8,16518
2,77,8,141844
3,77,8,93697
4,77,8,73805
1,99,8,4705
2,99,8,96308
3,99,8,76980
4,99,8,34060
1,1,9,3520
2,1,9,20929
3,1,9,20902
4,1,9,20375
1,2,9,2724
2,2,9,17567
3,2,9,20909
4,2,9,20938
1,3,9,2689
2,3,9,39510
3,3,9,42426
4,3,9,33808
1,4,9,3263
2,4,9,44128
3,4,9,62894
4,4,9,49271
1,5,9,2568
2,5,9,53742
3,5,9,61090
4,5,9,60502
1,6,9,1492
2,6,9,68258
3,6,9,75461
4,6,9,66622
1,7,9,4618
2,7,9,100775
3,7,9,108607
4,7,9,90809
1,8,9,6844
2,8,9,342778
3,8,9,400684
4,8,9,248751
1,77,9,10403
2,77,9,87074
3,77,9,72909
4,77,9,61424
1,99,9,1527
2,99,9,99364
3,99,9,84123
4,99,9,51764
1,1,10,1263
2,1,10,4170
3,1,10,6844
4,1,10,6347
1,2,10,488
2,2,10,5361
3,2,10,6385
4,2,10,8484
1,3,10,946
2,3,10,10163
3,3,10,12887
4,3,10,17013
1,4,10,1371
2,4,10,16297
3,4,10,18417
4,4,10,18860
1,5,10,319
2,5,10,15199
3,5,10,17485
4,5,10,17573
1,6,10,1330
2,6,10,20992
3,6,10,29485
4,6,10,26089
1,7,10,1600
2,7,10,29265
3,7,10,29649
4,7,10,30187
1,8,10,1636
2,8,10,67728
3,8,10,81187
4,8,10,72828
1,77,10,1590
2,77,10,21772
3,77,10,13367
4,77,10,15678
1,99,10,354
2,99,10,18548
3,99,10,18659
4,99,10,16123
1,1,11,996
2,1,11,9514
3,1,11,9157
4,1,11,12842
1,2,11,60
2,2,11,6503
3,2,11,4513
4,2,11,8411
1,3,11,766
2,3,11,8654
3,3,11,6709
4,3,11,9648
1,4,11,377
2,4,11,9075
3,4,11,11464
4,4,11,11250
1,5,11,464
2,5,11,10354
3,5,11,9903
4,5,11,9862
1,6,11,1276
2,6,11,11067
3,6,11,12825
4,6,11,13517
1,7,11,1610
2,7,11,24149
3,7,11,15453
4,7,11,15284
1,8,11,4158
2,8,11,113559
3,8,11,74081
4,8,11,35534
1,77,11,2169
2,77,11,20993
3,77,11,11732
4,77,11,8944
1,99,11,880
2,99,11,7659
3,99,11,9212
4,99,11,5610
1,1,12,33871
2,1,12,246102
3,1,12,175671
4,1,12,179762
1,2,12,14779
2,2,12,217614
3,2,12,171778
4,2,12,200378
1,3,12,25259
2,3,12,264602
3,3,12,339190
4,3,12,377844
1,4,12,36713
2,4,12,414115
3,4,12,524545
4,4,12,527654
1,5,12,27289
2,5,12,409635
3,5,12,550338
4,5,12,462061
1,6,12,31484
2,6,12,567506
3,6,12,612072
4,6,12,570082
1,7,12,23515
2,7,12,579075
3,7,12,645754
4,7,12,647922
1,8,12,36016
2,8,12,1245151
3,8,12,1495173
4,8,12,1052575
1,77,12,40742
2,77,12,517158
3,77,12,406899
4,77,12,409965
1,99,12,10818
2,99,12,412631
3,99,12,408652
4,99,12,210179
1,1,13,3962
2,1,13,77437
3,1,13,93587
4,1,13,141651
1,2,13,0
2,2,13,66089
3,2,13,92487
4,2,13,111490
1,3,13,13051
2,3,13,135140
3,3,13,162167
4,3,13,158685
1,4,13,18561
2,4,13,177715
3,4,13,193010
4,4,13,227472
1,5,13,16697
2,5,13,201287
3,5,13,218717
4,5,13,207215
1,6,13,12691
2,6,13,232511
3,6,13,307316
4,6,13,276137
1,7,13,10409
2,7,13,248180
3,7,13,315521
4,7,13,304996
1,8,13,28233
2,8,13,673271
3,8,13,754202
4,8,13,586246
1,77,13,23711
2,77,13,212497
3,77,13,177791
4,77,13,166957
1,99,13,13802
2,99,13,165609
3,99,13,157011
4,99,13,127151
1,1,15,1215
2,1,15,12806
3,1,15,9648
4,1,15,8761
1,2,15,2824
2,2,15,10622
3,2,15,8775
4,2,15,10310
1,3,15,1545
2,3,15,23332
3,3,15,15396
4,3,15,18391
1,4,15,1728
2,4,15,27090
3,4,15,28189
4,4,15,20838
1,5,15,2014
2,5,15,31410
3,5,15,27782
4,5,15,23641
1,6,15,2814
2,6,15,39478
3,6,15,41204
4,6,15,23327
1,7,15,2980
2,7,15,52173
3,7,15,50110
4,7,15,37090
1,8,15,7123
2,8,15,144232
3,8,15,140835
4,8,15,88352
1,77,15,3864
2,77,15,32726
3,77,15,22442
4,77,15,20856
1,99,15,1172
2,99,15,23504
3,99,15,18095
4,99,15,9720
1,1,16,2272
2,1,16,16573
3,1,16,8559
4,1,16,10046
1,2,16,273
2,2,16,13772
3,2,16,17563
4,2,16,13257
1,3,16,2349
2,3,16,23373
3,3,16,18664
4,3,16,25415
1,4,16,2329
2,4,16,29984
3,4,16,34141
4,4,16,28967
1,5,16,793
2,5,16,49180
3,5,16,46370
4,5,16,39968
1,6,16,1513
2,6,16,45904
3,6,16,66904
4,6,16,47807
1,7,16,1302
2,7,16,57650
3,7,16,82651
4,7,16,57483
1,8,16,5111
2,8,16,118338
3,8,16,117386
4,8,16,86835
1,77,16,5134
2,77,16,33195
3,77,16,15720
4,77,16,16907
1,99,16,2208
2,99,16,18721
3,99,16,18950
4,99,16,12586
1,1,17,7532
2,1,17,142369
3,1,17,144327
4,1,17,130710
1,2,17,8834
2,2,17,93586
3,2,17,97194
4,2,17,140492
1,3,17,15147
2,3,17,179794
3,3,17,182745
4,3,17,205512
1,4,17,21674
2,4,17,180743
3,4,17,196271
4,4,17,302334
1,5,17,22872
2,5,17,230127
3,5,17,286870
4,5,17,245096
1,6,17,23580
2,6,17,322889
3,6,17,366416
4,6,17,302519
1,7,17,13612
2,7,17,423009
3,7,17,487653
4,7,17,450638
1,8,17,39093
2,8,17,1031808
3,8,17,1221854
4,8,17,903562
1,77,17,10841
2,77,17,205000
3,77,17,117459
4,77,17,141819
1,99,17,4730
2,99,17,102485
3,99,17,116926
4,99,17,107087
1,1,18,5116
2,1,18,58380
3,1,18,48800
4,1,18,72150
1,2,18,3334
2,2,18,53027
3,2,18,42200
4,2,18,43899
1,3,18,14557
2,3,18,81005
3,3,18,64896
4,3,18,91983
1,4,18,7793
2,4,18,112666
3,4,18,89885
4,4,18,129064
1,5,18,9640
2,5,18,136223
3,5,18,139911
4,5,18,156413
1,6,18,9764
2,6,18,172912
3,6,18,217265
4,6,18,199347
1,7,18,11522
2,7,18,204250
3,7,18,234627
4,7,18,265575
1,8,18,6309
2,8,18,389994
3,8,18,439317
4,8,18,412439
1,77,18,20154
2,77,18,134004
3,77,18,116313
4,77,18,129651
1,99,18,8589
2,99,18,138676
3,99,18,125377
4,99,18,99475
1,1,19,1986
2,1,19,25202
3,1,19,16678
4,1,19,21378
1,2,19,2295
2,2,19,21084
3,2,19,19432
4,2,19,26654
1,3,19,2809
2,3,19,33700
3,3,19,36242
4,3,19,49251
1,4,19,3995
2,4,19,42778
3,4,19,45738
4,4,19,65779
1,5,19,2193
2,5,19,44404
3,5,19,65093
4,5,19,68677
1,6,19,3658
2,6,19,75113
3,6,19,95624
4,6,19,119736
1,7,19,4047
2,7,19,103609
3,7,19,130858
4,7,19,134524
1,8,19,3542
2,8,19,209676
3,8,19,261237
4,8,19,228796
1,77,19,3693
2,77,19,62791
3,77,19,45127
4,77,19,44881
1,99,19,3482
2,99,19,33732
3,99,19,48528
4,99,19,31314
1,1,20,772
2,1,20,24180
3,1,20,15434
4,1,20,27778
1,2,20,1169
2,2,20,26818
3,2,20,15365
4,2,20,32097
1,3,20,2117
2,3,20,36638
3,3,20,26899
4,3,20,44564
1,4,20,5093
2,4,20,40027
3,4,20,50782
4,4,20,55730
1,5,20,3339
2,5,20,50061
3,5,20,64637
4,5,20,66447
1,6,20,2671
2,6,20,67868
3,6,20,97208
4,6,20,83792
1,7,20,3034
2,7,20,82369
3,7,20,108681
4,7,20,114238
1,8,20,5184
2,8,20,179237
3,8,20,227338
4,8,20,193055
1,77,20,5018
2,77,20,63647
3,77,20,49566
4,77,20,49701
1,99,20,706
2,99,20,30886
3,99,20,33266
4,99,20,24396
1,1,21,12017
2,1,21,59567
3,1,21,40558
4,1,21,60782
1,2,21,3712
2,2,21,39483
3,2,21,45354
4,2,21,71711
1,3,21,4779
2,3,21,60185
3,3,21,40060
4,3,21,71900
1,4,21,3468
2,4,21,61289
3,4,21,66927
4,4,21,94301
1,5,21,1841
2,5,21,83720
3,5,21,89352
4,5,21,127312
1,6,21,3008
2,6,21,108701
3,6,21,122688
4,6,21,142584
1,7,21,1256
2,7,21,109618
3,7,21,161054
4,7,21,180039
1,8,21,5716
2,8,21,238995
3,8,21,285779
4,8,21,264023
1,77,21,11006
2,77,21,139997
3,77,21,95244
4,77,21,110746
1,99,21,3220
2,99,21,68347
3,99,21,83830
4,99,21,61258
1,1,22,5420
2,1,22,85189
3,1,22,60817
4,1,22,93432
1,2,22,3035
2,2,22,43228
3,2,22,58097
4,2,22,68929
1,3,22,6973
2,3,22,62873
3,3,22,83891
4,3,22,101025
1,4,22,5803
2,4,22,59472
3,4,22,89150
4,4,22,117152
1,5,22,4024
2,5,22,87522
3,5,22,86066
4,5,22,114539
1,6,22,3428
2,6,22,95872
3,6,22,118075
4,6,22,142847
1,7,22,6524
2,7,22,95545
3,7,22,130514
4,7,22,152405
1,8,22,7200
2,8,22,254812
3,8,22,314986
4,8,22,287877
1,77,22,10846
2,77,22,128620
3,77,22,71067
4,77,22,92467
1,99,22,3037
2,99,22,38464
3,99,22,63711
4,99,22,41111
1,1,23,415
2,1,23,8887
3,1,23,6816
4,1,23,9234
1,2,23,1255
2,2,23,13975
3,2,23,14072
4,2,23,15663
1,3,23,736
2,3,23,20426
3,3,23,17108
4,3,23,18903
1,4,23,1217
2,4,23,16632
3,4,23,22124
4,4,23,23917
1,5,23,1857
2,5,23,31169
3,5,23,29226
4,5,23,26902
1,6,23,2636
2,6,23,36307
3,6,23,48014
4,6,23,43390
1,7,23,2376
2,7,23,50390
3,7,23,56940
4,7,23,47557
1,8,23,3885
2,8,23,91056
3,8,23,112243
4,8,23,74574
1,77,23,2681
2,77,23,27025
3,77,23,27120
4,77,23,26955
1,99,23,1722
2,99,23,31367
3,99,23,22991
4,99,23,19325
1,1,24,9566
2,1,24,43088
3,1,24,33822
4,1,24,36587
1,2,24,2498
2,2,24,32906
3,2,24,32757
4,2,24,52626
1,3,24,5121
2,3,24,62407
3,3,24,52719
4,3,24,70339
1,4,24,5541
2,4,24,81142
3,4,24,75957
4,4,24,83538
1,5,24,7495
2,5,24,74465
3,5,24,93167
4,5,24,103002
1,6,24,1674
2,6,24,107261
3,6,24,127752
4,6,24,131924
1,7,24,5480
2,7,24,158351
3,7,24,217538
4,7,24,163233
1,8,24,19050
2,8,24,545085
3,8,24,660165
4,8,24,512951
1,77,24,15459
2,77,24,159778
3,77,24,108215
4,77,24,92069
1,99,24,3904
2,99,24,105514
3,99,24,132565
4,99,24,89125
1,1,25,4142
2,1,25,58755
3,1,25,41534
4,1,25,31771
1,2,25,6558
2,2,25,45823
3,2,25,51671
4,2,25,38808
1,3,25,4659
2,3,25,76709
3,3,25,75838
4,3,25,75539
1,4,25,4433
2,4,25,71162
3,4,25,57594
4,4,25,64116
1,5,25,6181
2,5,25,102315
3,5,25,125275
4,5,25,97978
1,6,25,7330
2,6,25,171372
3,6,25,177711
4,6,25,117942
1,7,25,12593
2,7,25,185988
3,7,25,225577
4,7,25,156442
1,8,25,26287
2,8,25,744057
3,8,25,724054
4,8,25,483626
1,77,25,14024
2,77,25,149575
3,77,25,135751
4,77,25,89753
1,99,25,12880
2,99,25,209608
3,99,25,180386
4,99,25,125933
1,1,26,7518
2,1,26,87891
3,1,26,77465
4,1,26,107179
1,2,26,4859
2,2,26,83600
3,2,26,68360
4,2,26,94118
1,3,26,9349
2,3,26,111243
3,3,26,107944
4,3,26,156185
1,4,26,23337
2,4,26,150526
3,4,26,158849
4,4,26,219194
1,5,26,18657
2,5,26,168575
3,5,26,206941
4,5,26,198433
1,6,26,13349
2,6,26,246704
3,6,26,291842
4,6,26,314731
1,7,26,8881
2,7,26,281447
3,7,26,374274
4,7,26,332378
1,8,26,21823
2,8,26,656099
3,8,26,817274
4,8,26,632161
1,77,26,16643
2,77,26,273888
3,77,26,207390
4,77,26,199830
1,99,26,5355
2,99,26,157483
3,99,26,182971
4,99,26,128305
1,1,27,3391
2,1,27,35923
3,1,27,26401
4,1,27,37113
1,2,27,2681
2,2,27,30970
3,2,27,23469
4,2,27,37594
1,3,27,5277
2,3,27,57139
3,3,27,50035
4,3,27,51178
1,4,27,2887
2,4,27,79154
3,4,27,81017
4,4,27,82043
1,5,27,8730
2,5,27,98414
3,5,27,108073
4,5,27,109963
1,6,27,8922
2,6,27,139904
3,6,27,162415
4,6,27,145428
1,7,27,6107
2,7,27,179221
3,7,27,224786
4,7,27,191328
1,8,27,16082
2,8,27,482180
3,8,27,566774
4,8,27,414673
1,77,27,9969
2,77,27,110860
3,77,27,95998
4,77,27,67326
1,99,27,3367
2,99,27,74385
3,99,27,77129
4,99,27,54371
1,1,28,2501
2,1,28,35556
3,1,28,40735
4,1,28,57209
1,2,28,3297
2,2,28,20592
3,2,28,34541
4,2,28,60000
1,3,28,5581
2,3,28,59101
3,3,28,55541
4,3,28,83848
1,4,28,6936
2,4,28,45110
3,4,28,73424
4,4,28,109279
1,5,28,1441
2,5,28,59961
3,5,28,73086
4,5,28,82094
1,6,28,2482
2,6,28,54375
3,6,28,97227
4,6,28,101397
1,7,28,1017
2,7,28,46275
3,7,28,89393
4,7,28,90739
1,8,28,3627
2,8,28,95911
3,8,28,143492
4,8,28,142157
1,77,28,9064
2,77,28,76464
3,77,28,77568
4,77,28,75954
1,99,28,1137
2,99,28,37618
3,99,28,34990
4,99,28,37065
1,1,29,7432
2,1,29,60190
3,1,29,30158
4,1,29,66019
1,2,29,3376
2,2,29,45683
3,2,29,53740
4,2,29,66249
1,3,29,9616
2,3,29,64986
3,3,29,84029
4,3,29,84589
1,4,29,10687
2,4,29,112684
3,4,29,94066
4,4,29,133710
1,5,29,8510
2,5,29,122827
3,5,29,113495
4,5,29,139843
1,6,29,6015
2,6,29,150597
3,6,29,163238
4,6,29,214404
1,7,29,4474
2,7,29,177727
3,7,29,236894
4,7,29,252644
1,8,29,15388
2,8,29,359322
3,8,29,442011
4,8,29,385048
1,77,29,8917
2,77,29,197539
3,77,29,105117
4,77,29,126166
1,99,29,2029
2,99,29,115400
3,99,29,103387
4,99,29,99801
1,1,30,655
2,1,30,8679
3,1,30,8794
4,1,30,9813
1,2,30,2111
2,2,30,9009
3,2,30,10443
4,2,30,10773
1,3,30,2011
2,3,30,14152
3,3,30,15063
4,3,30,9114
1,4,30,1675
2,4,30,20978
3,4,30,21986
4,4,30,18163
1,5,30,1237
2,5,30,21526
3,5,30,26989
4,5,30,18717
1,6,30,3284
2,6,30,35838
3,6,30,36482
4,6,30,29099
1,7,30,598
2,7,30,43958
3,7,30,39875
4,7,30,36147
1,8,30,1978
2,8,30,62733
3,8,30,75791
4,8,30,47892
1,77,30,1626
2,77,30,29401
3,77,30,22257
4,77,30,14833
1,99,30,1393
2,99,30,21549
3,99,30,23216
4,99,30,12961
1,1,31,712
2,1,31,14261
3,1,31,12166
4,1,31,15514
1,2,31,796
2,2,31,15188
3,2,31,17987
4,2,31,17347
1,3,31,1114
2,3,31,21629
3,3,31,22318
4,3,31,28579
1,4,31,2095
2,4,31,24818
3,4,31,25723
4,4,31,33461
1,5,31,565
2,5,31,40832
3,5,31,38599
4,5,31,42036
1,6,31,2230
2,6,31,52518
3,6,31,62223
4,6,31,70155
1,7,31,1717
2,7,31,56724
3,7,31,79485
4,7,31,80809
1,8,31,3559
2,8,31,133875
3,8,31,168294
4,8,31,134166
1,77,31,3108
2,77,31,28603
3,77,31,20907
4,77,31,26590
1,99,31,900
2,99,31,17407
3,99,31,24059
4,99,31,14650
1,1,32,355
2,1,32,18293
3,1,32,13665
4,1,32,24555
1,2,32,1785
2,2,32,23341
3,2,32,18456
4,2,32,28899
1,3,32,2938
2,3,32,34524
3,3,32,43680
4,3,32,32757
1,4,32,4165
2,4,32,36994
3,4,32,62433
4,4,32,38758
1,5,32,2067
2,5,32,61324
3,5,32,72424
4,5,32,71887
1,6,32,2155
2,6,32,63599
3,6,32,102087
4,6,32,81960
1,7,32,7050
2,7,32,78520
3,7,32,120431
4,7,32,94842
1,8,32,6665
2,8,32,185512
3,8,32,219876
4,8,32,159161
1,77,32,14765
2,77,32,82500
3,77,32,68595
4,77,32,51178
1,99,32,2197
2,99,32,72560
3,99,32,104967
4,99,32,54750
1,1,33,240
2,1,33,6760
3,1,33,4158
4,1,33,8632
1,2,33,519
2,2,33,9550
3,2,33,6137
4,2,33,8197
1,3,33,1179
2,3,33,13669
3,3,33,13273
4,3,33,15024
1,4,33,405
2,4,33,17163
3,4,33,16738
4,4,33,24931
1,5,33,921
2,5,33,19296
3,5,33,21550
4,5,33,22373
1,6,33,1346
2,6,33,33982
3,6,33,40801
4,6,33,33693
1,7,33,804
2,7,33,42712
3,7,33,56705
4,7,33,39628
1,8,33,2896
2,8,33,138707
3,8,33,142807
4,8,33,105581
1,77,33,4999
2,77,33,27796
3,77,33,20689
4,77,33,20196
1,99,33,328
2,99,33,26749
3,99,33,31236
4,99,33,17771
1,1,34,1609
2,1,34,77952
3,1,34,49208
4,1,34,46655
1,2,34,1275
2,2,34,30558
3,2,34,38540
4,2,34,66730
1,3,34,0
2,3,34,55942
3,3,34,147401
4,3,34,77476
1,4,34,3475
2,4,34,140940
3,4,34,125393
4,4,34,143176
1,5,34,15856
2,5,34,95195
3,5,34,148480
4,5,34,105566
1,6,34,29211
2,6,34,141102
3,6,34,186047
4,6,34,144147
1,7,34,18592
2,7,34,225819
3,7,34,237938
4,7,34,199271
1,8,34,19131
2,8,34,978347
3,8,34,918831
4,8,34,615199
1,77,34,26954
2,77,34,228965
3,77,34,172016
4,77,34,94764
1,99,34,10004
2,99,34,195982
3,99,34,209507
4,99,34,69901
1,1,35,4431
2,1,35,33513
3,1,35,26682
4,1,35,34006
1,2,35,1351
2,2,35,20273
3,2,35,30455
4,2,35,32842
1,3,35,5475
2,3,35,37398
3,3,35,41802
4,3,35,51047
1,4,35,2495
2,4,35,35631
3,4,35,53841
4,4,35,57419
1,5,35,1478
2,5,35,47195
3,5,35,53091
4,5,35,48315
1,6,35,5327
2,6,35,44571
3,6,35,66648
4,6,35,48133
1,7,35,2527
2,7,35,55817
3,7,35,55331
4,7,35,64602
1,8,35,4655
2,8,35,104483
3,8,35,131148
4,8,35,97675
1,77,35,4718
2,77,35,42044
3,77,35,27101
4,77,35,27760
1,99,35,1379
2,99,35,27372
3,99,35,27819
4,99,35,13965
1,1,36,24852
2,1,36,169127
3,1,36,171628
4,1,36,155311
1,2,36,7380
2,2,36,152294
3,2,36,179956
4,2,36,202338
1,3,36,26583
2,3,36,255337
3,3,36,295278
4,3,36,244239
1,4,36,29695
2,4,36,296755
3,4,36,309566
4,4,36,292477
1,5,36,33224
2,5,36,354808
3,5,36,344471
4,5,36,326279
1,6,36,23639
2,6,36,387575
3,6,36,457347
4,6,36,387795
1,7,36,31507
2,7,36,467075
3,7,36,507519
4,7,36,441045
1,8,36,72864
2,8,36,1758998
3,8,36,1675151
4,8,36,1127475
1,77,36,58052
2,77,36,533492
3,77,36,470517
4,77,36,397292
1,99,36,27780
2,99,36,472463
3,99,36,464181
4,99,36,268256
1,1,37,14126
2,1,37,96370
3,1,37,72293
4,1,37,90418
1,2,37,11986
2,2,37,84796
3,2,37,75944
4,2,37,96363
1,3,37,14551
2,3,37,133342
3,3,37,149794
4,3,37,172373
1,4,37,14794
2,4,37,153785
3,4,37,200646
4,4,37,186624
1,5,37,15623
2,5,37,177221
3,5,37,200234
4,5,37,253693
1,6,37,11630
2,6,37,199660
3,6,37,332351
4,6,37,293810
1,7,37,17846
2,7,37,294689
3,7,37,362994
4,7,37,368613
1,8,37,20229
2,8,37,626049
3,8,37,713193
4,8,37,604089
1,77,37,31981
2,77,37,242720
3,77,37,224105
4,77,37,206142
1,99,37,3736
2,99,37,177583
3,99,37,235871
4,99,37,140966
1,1,38,753
2,1,38,5393
3,1,38,5628
4,1,38,5338
1,2,38,467
2,2,38,5284
3,2,38,4499
4,2,38,5881
1,3,38,405
2,3,38,7463
3,3,38,9035
4,3,38,8369
1,4,38,311
2,4,38,9899
3,4,38,11219
4,4,38,15175
1,5,38,641
2,5,38,10456
3,5,38,15886
4,5,38,16623
1,6,38,65
2,6,38,19935
3,6,38,21037
4,6,38,21492
1,7,38,586
2,7,38,20460
3,7,38,31186
4,7,38,29647
1,8,38,1844
2,8,38,52372
3,8,38,71973
4,8,38,67776
1,77,38,444
2,77,38,12264
3,77,38,12953
4,77,38,11083
1,99,38,331
2,99,38,6430
3,99,38,9821
4,99,38,7369
1,1,39,7179
2,1,39,130215
3,1,39,72271
4,1,39,116976
1,2,39,4123
2,2,39,106654
3,2,39,101864
4,2,39,125030
1,3,39,19935
2,3,39,177201
3,3,39,148406
4,3,39,220690
1,4,39,20533
2,4,39,184673
3,4,39,238017
4,4,39,265846
1,5,39,10735
2,5,39,266820
3,5,39,277502
4,5,39,280749
1,6,39,7360
2,6,39,276502
3,6,39,379062
4,6,39,354272
1,7,39,14066
2,7,39,289534
3,7,39,422569
4,7,39,417733
1,8,39,23075
2,8,39,689663
3,8,39,911378
4,8,39,810799
1,77,39,26337
2,77,39,255999
3,77,39,194711
4,77,39,156308
1,99,39,2130
2,99,39,149388
3,99,39,156998
4,99,39,120158
1,1,40,2479
2,1,40,37405
3,1,40,36737
4,1,40,34727
1,2,40,3740
2,2,40,33045
3,2,40,32397
4,2,40,39345
1,3,40,7506
2,3,40,43732
3,3,40,68054
4,3,40,65845
1,4,40,7179
2,4,40,73559
3,4,40,65412
4,4,40,98871
1,5,40,6867
2,5,40,79475
3,5,40,90526
4,5,40,100299
1,6,40,9603
2,6,40,77167
3,6,40,128137
4,6,40,134094
1,7,40,4258
2,7,40,109071
3,7,40,158146
4,7,40,143397
1,8,40,9748
2,8,40,183518
3,8,40,238207
4,8,40,222028
1,77,40,3267
2,77,40,84103
3,77,40,80561
4,77,40,65201
1,99,40,1987
2,99,40,55572
3,99,40,55914
4,99,40,51271
1,1,41,5615
2,1,41,43276
3,1,41,28228
4,1,41,41161
1,2,41,3195
2,2,41,35045
3,2,41,36612
4,2,41,46064
1,3,41,3818
2,3,41,62235
3,3,41,55295
4,3,41,53166
1,4,41,4238
2,4,41,58177
3,4,41,88398
4,4,41,85089
1,5,41,5458
2,5,41,89416
3,5,41,108634
4,5,41,74945
1,6,41,2837
2,6,41,117246
3,6,41,119307
4,6,41,120354
1,7,41,7015
2,7,41,123071
3,7,41,148898
4,7,41,135423
1,8,41,10777
2,8,41,321980
3,8,41,327508
4,8,41,243078
1,77,41,12712
2,77,41,103681
3,77,41,69407
4,77,41,68246
1,99,41,4930
2,99,41,85370
3,99,41,64172
4,99,41,48950
1,1,42,7020
2,1,42,68464
3,1,42,77274
4,1,42,106236
1,2,42,8666
2,2,42,93982
3,2,42,129302
4,2,42,95494
1,3,42,31112
2,3,42,173426
3,3,42,178086
4,3,42,168727
1,4,42,9241
2,4,42,198362
3,4,42,243465
4,4,42,225789
1,5,42,7678
2,5,42,243494
3,5,42,252179
4,5,42,223904
1,6,42,23789
2,6,42,270492
3,6,42,344707
4,6,42,351492
1,7,42,15928
2,7,42,440733
3,7,42,461661
4,7,42,441990
1,8,42,34648
2,8,42,1009838
3,8,42,1143523
4,8,42,904453
1,77,42,27886
2,77,42,294024
3,77,42,233517
4,77,42,193371
1,99,42,935
2,99,42,245811
3,99,42,231466
4,99,42,199135
1,1,44,874
2,1,44,2924
3,1,44,9251
4,1,44,9951
1,2,44,782
2,2,44,10030
3,2,44,8550
4,2,44,10982
1,3,44,1137
2,3,44,15654
3,3,44,15976
4,3,44,15072
1,4,44,851
2,4,44,16510
3,4,44,19873
4,4,44,17864
1,5,44,285
2,5,44,17689
3,5,44,22240
4,5,44,17749
1,6,44,3035
2,6,44,25701
3,6,44,21773
4,6,44,22302
1,7,44,1914
2,7,44,32734
3,7,44,37852
4,7,44,22518
1,8,44,3136
2,8,44,92505
3,8,44,104102
4,8,44,64156
1,77,44,2443
2,77,44,23089
3,77,44,20958
4,77,44,17910
1,99,44,911
2,99,44,21415
3,99,44,24775
4,99,44,15893
1,1,45,8901
2,1,45,60859
3,1,45,44582
4,1,45,65249
1,2,45,5663
2,2,45,33628
3,2,45,44776
4,2,45,61575
1,3,45,7398
2,3,45,63140
3,3,45,78917
4,3,45,104590
1,4,45,6059
2,4,45,87165
3,4,45,86130
4,4,45,107479
1,5,45,6373
2,5,45,96054
3,5,45,129672
4,5,45,148817
1,6,45,5583
2,6,45,134829
3,6,45,164448
4,6,45,164780
1,7,45,5555
2,7,45,123340
3,7,45,203312
4,7,45,178860
1,8,45,8662
2,8,45,258002
3,8,45,378454
4,8,45,259710
1,77,45,10941
2,77,45,124132
3,77,45,91642
4,77,45,112450
1,99,45,4773
2,99,45,70641
3,99,45,86982
4,99,45,64527
1,1,46,101
2,1,46,8996
3,1,46,5284
4,1,46,7142
1,2,46,68
2,2,46,6421
3,2,46,5899
4,2,46,8250
1,3,46,1273
2,3,46,9673
3,3,46,8687
4,3,46,10708
1,4,46,569
2,4,46,9855
3,4,46,10817
4,4,46,10846
1,5,46,2371
2,5,46,16573
3,5,46,24324
4,5,46,20331
1,6,46,1173
2,6,46,27860
3,6,46,34244
4,6,46,22731
1,7,46,1525
2,7,46,28004
3,7,46,38918
4,7,46,28255
1,8,46,808
2,8,46,46318
3,8,46,66377
4,8,46,47605
1,77,46,957
2,77,46,18941
3,77,46,14902
4,77,46,13307
1,99,46,1800
2,99,46,14169
3,99,46,22576
4,99,46,14827
1,1,47,9056
2,1,47,76843
3,1,47,68099
4,1,47,90697
1,2,47,6056
2,2,47,80825
3,2,47,68705
4,2,47,109758
1,3,47,6702
2,3,47,105916
3,3,47,102242
4,3,47,121624
1,4,47,9296
2,4,47,121713
3,4,47,127288
4,4,47,169893
1,5,47,7211
2,5,47,135722
3,5,47,147254
4,5,47,143664
1,6,47,4833
2,6,47,170286
3,6,47,209445
4,6,47,215628
1,7,47,2358
2,7,47,172784
3,7,47,212854
4,7,47,251440
1,8,47,19513
2,8,47,383897
3,8,47,445162
4,8,47,365767
1,77,47,5882
2,77,47,113413
3,77,47,129395
4,77,47,124998
1,99,47,4421
2,99,47,110301
3,99,47,100912
4,99,47,61483
1,1,48,18727
2,1,48,293544
3,1,48,252404
4,1,48,256210
1,2,48,2808
2,2,48,164624
3,2,48,312362
4,2,48,321021
1,3,48,11080
2,3,48,274702
3,3,48,337821
4,3,48,409150
1,4,48,30339
2,4,48,429705
3,4,48,606221
4,4,48,630662
1,5,48,7887
2,5,48,391958
3,5,48,612625
4,5,48,681507
1,6,48,21070
2,6,48,595469
3,6,48,727821
4,6,48,670746
1,7,48,17040
2,7,48,675464
3,7,48,782827
4,7,48,998957
1,8,48,35018
2,8,48,1661799
3,8,48,2236236
4,8,48,1733847
1,77,48,67076
2,77,48,679075
3,77,48,414999
4,77,48,593743
1,99,48,28541
2,99,48,469310
3,99,48,422845
4,99,48,415945
1,1,49,615
2,1,49,17138
3,1,49,13003
4,1,49,12145
1,2,49,1505
2,2,49,20341
3,2,49,13141
4,2,49,10294
1,3,49,3245
2,3,49,32488
3,3,49,26857
4,3,49,21894
1,4,49,2206
2,4,49,37161
3,4,49,30607
4,4,49,34017
1,5,49,3151
2,5,49,49141
3,5,49,47804
4,5,49,46421
1,6,49,4892
2,6,49,79366
3,6,49,79072
4,6,49,68174
1,7,49,3610
2,7,49,113997
3,7,49,115401
4,7,49,101375
1,8,49,14165
2,8,49,254096
3,8,49,276419
4,8,49,197695
1,77,49,10953
2,77,49,84181
3,77,49,55889
4,77,49,50364
1,99,49,1278
2,99,49,43156
3,99,49,45460
4,99,49,26191
1,1,50,301
2,1,50,4823
3,1,50,2608
4,1,50,4861
1,2,50,540
2,2,50,7282
3,2,50,4417
4,2,50,5461
1,3,50,198
2,3,50,8691
3,3,50,6674
4,3,50,8281
1,4,50,440
2,4,50,10550
3,4,50,10145
4,4,50,8646
1,5,50,779
2,5,50,15577
3,5,50,12648
4,5,50,13505
1,6,50,404
2,6,50,19782
3,6,50,20017
4,6,50,17651
1,7,50,688
2,7,50,21682
3,7,50,27104
4,7,50,23274
1,8,50,1584
2,8,50,52183
3,8,50,49500
4,8,50,30782
1,77,50,1755
2,77,50,18699
3,77,50,10787
4,77,50,8504
1,99,50,374
2,99,50,14780
3,99,50,12735
4,99,50,7288
1,1,51,9724
2,1,51,72211
3,1,51,49558
4,1,51,65573
1,2,51,4766
2,2,51,47190
3,2,51,57551
4,2,51,73738
1,3,51,10498
2,3,51,73473
3,3,51,79452
4,3,51,116582
1,4,51,9650
2,4,51,101871
3,4,51,128656
4,4,51,136573
1,5,51,9611
2,5,51,144688
3,5,51,174389
4,5,51,145791
1,6,51,13178
2,6,51,189475
3,6,51,211062
4,6,51,209670
1,7,51,4163
2,7,51,212209
3,7,51,297568
4,7,51,287852
1,8,51,24917
2,8,51,754543
3,8,51,900518
4,8,51,618706
1,77,51,18289
2,77,51,191069
3,77,51,133601
4,77,51,112378
1,99,51,5415
2,99,51,150219
3,99,51,149317
4,99,51,75770
1,1,53,4555
2,1,53,53557
3,1,53,46496
4,1,53,61474
1,2,53,3153
2,2,53,56075
3,2,53,43856
4,2,53,50015
1,3,53,6219
2,3,53,86916
3,3,53,85868
4,3,53,76271
1,4,53,8666
2,4,53,94731
3,4,53,103086
4,4,53,93401
1,5,53,12337
2,5,53,117175
3,5,53,128238
4,5,53,116641
1,6,53,6307
2,6,53,172819
3,6,53,200179
4,6,53,179757
1,7,53,8535
2,7,53,225168
3,7,53,249655
4,7,53,234256
1,8,53,22088
2,8,53,683891
3,8,53,703757
4,8,53,512753
1,77,53,23372
2,77,53,177973
3,77,53,122489
4,77,53,99602
1,99,53,6194
2,99,53,153223
3,99,53,136252
4,99,53,79458
1,1,54,1253
2,1,54,15573
3,1,54,18892
4,1,54,33583
1,2,54,2252
2,2,54,18957
3,2,54,20846
4,2,54,31467
1,3,54,2971
2,3,54,29015
3,3,54,31924
4,3,54,47423
1,4,54,2953
2,4,54,42048
3,4,54,37460
4,4,54,60537
1,5,54,1802
2,5,54,47265
3,5,54,69298
4,5,54,68390
1,6,54,755
2,6,54,40808
3,6,54,61894
4,6,54,72030
1,7,54,3869
2,7,54,39792
3,7,54,54228
4,7,54,65193
1,8,54,2567
2,8,54,66341
3,8,54,90939
4,8,54,97051
1,77,54,3887
2,77,54,36116
3,77,54,32902
4,77,54,41152
1,99,54,621
2,99,54,19453
3,99,54,20636
4,99,54,17517
1,1,55,2940
2,1,55,37283
3,1,55,48989
4,1,55,36819
1,2,55,3606
2,2,55,33363
3,2,55,42312
4,2,55,54851
1,3,55,12351
2,3,55,69129
3,3,55,79137
4,3,55,87879
1,4,55,568
2,4,55,81014
3,4,55,98908
4,4,55,97356
1,5,55,5133
2,5,55,119173
3,5,55,140477
4,5,55,120077
1,6,55,4364
2,6,55,126040
3,6,55,181807
4,6,55,182783
1,7,55,5297
2,7,55,179892
3,7,55,249270
4,7,55,231376
1,8,55,18029
2,8,55,444296
3,8,55,524946
4,8,55,388906
1,77,55,17907
2,77,55,97137
3,77,55,71106
4,77,55,79798
1,99,55,4476
2,99,55,55694
3,99,55,57550
4,99,55,42754
1,1,56,94
2,1,56,5064
3,1,56,2918
4,1,56,4239
1,2,56,213
2,2,56,4435
3,2,56,4213
4,2,56,4563
1,3,56,476
2,3,56,9000
3,3,56,7194
4,3,56,5973
1,4,56,589
2,4,56,9851
3,4,56,11533
4,4,56,11306
1,5,56,1593
2,5,56,15033
3,5,56,12640
4,5,56,11045
1,6,56,495
2,6,56,17978
3,6,56,21220
4,6,56,14261
1,7,56,742
2,7,56,22502
3,7,56,23289
4,7,56,21610
1,8,56,1806
2,8,56,40143
3,8,56,46837
4,8,56,34863
1,77,56,238
2,77,56,9545
3,77,56,7377
4,77,56,7699
1,99,56,435
2,99,56,6697
3,99,56,8643
4,99,56,4316
1,1,66,502
2,1,66,4216
3,1,66,1992
4,1,66,4011
1,2,66,0
2,2,66,2775
3,2,66,1679
4,2,66,833
1,3,66,76
2,3,66,3141
3,3,66,2901
4,3,66,2528
1,4,66,163
2,4,66,2371
3,4,66,1663
4,4,66,2205
1,5,66,448
2,5,66,4050
3,5,66,5381
4,5,66,3027
1,6,66,151
2,6,66,3490
3,6,66,3641
4,6,66,3788
1,7,66,145
2,7,66,3344
3,7,66,3417
4,7,66,3204
1,8,66,289
2,8,66,4325
3,8,66,5859
4,8,66,5934
1,77,66,231
2,77,66,5369
3,77,66,3848
4,77,66,2617
1,99,66,0
2,99,66,1357
3,99,66,897
4,99,66,638
1,1,72,17279
2,1,72,158337
3,1,72,182760
4,1,72,233117
1,2,72,6124
2,2,72,91272
3,2,72,120512
4,2,72,105420
1,3,72,5944
2,3,72,84261
3,3,72,135966
4,3,72,117718
1,4,72,14924
2,4,72,71468
3,4,72,118730
4,4,72,97004
1,5,72,1284
2,5,72,58345
3,5,72,93595
4,5,72,67781
1,6,72,785
2,6,72,40195
3,6,72,56048
4,6,72,55538
1,7,72,1202
2,7,72,23265
3,7,72,38202
4,7,72,30237
1,8,72,1708
2,8,72,25946
3,8,72,39314
4,8,72,39832
1,77,72,9317
2,77,72,127267
3,77,72,117239
4,77,72,76079
1,99,72,3058
2,99,72,43320
3,99,72,53946
4,99,72,31007
